1,James 	Butt,	6649 N Blue Gum St,	504-621-8927
2,Josephine	Darakjy,	4 B Blue Ridge Blvd	,810-292-9388
3,Art	Venere	,8 W Cerritos Ave #54	,856-636-8749
4,Lenna	Paprocki,	639 Main St	,907-385-4412
5,Donette	Foller,	34 Center St	,513-570-1893
6,Simona	Morasca	,3 Mcauley Dr	,419-503-2484
7,Mitsue	Tollner,	7 Eads St	,773-573-6914
8,Leota	Dilliard,	7 W Jackson Blvd	,408-752-3500
9,Sage	Wieser	,5 Boston Ave #88	,605-414-2147
10,Kris	Marrier,	228 Runamuck Pl #2808	,410-655-8723
11,Minna	Amigon,	2371 Jerrold Ave	,215-874-1229
12,Abel	Maclead,	37275 St  Rt 17m M	,631-335-3414
13,Kiley	Caldarera,	25 E 75th St #69	,310-498-5651
14,Graciela	Ruta,	98 Connecticut Ave Nw	,440-780-8425
15,Cammy	Albares	,56 E Morehead St	,956-537-6195
16,Mattie	Poquette,	73 State Road 434 E	,602-277-4385
17,Meaghan	Garufi,	69734 E Carrillo St	,931-313-9635
18,Gladys	Rim,	322 New Horizon Blvd	,414-661-9598
19,Yuki	Whobrey,	1 State Route 27	,313-288-7937
20,Fletcher	Flosi,	394 Manchester Blvd	,815-828-2147
21,Bette	Nicka	,6 S 33rd St	,610-545-3615
22,Veronika	Inouye,	6 Greenleaf Ave,	408-540-1785
23,Willard	Kolmetz	,618 W Yakima Ave,	972-303-9197
24,Maryann	Royster,	74 S Westgate St	,518-966-7987
25,Alisha	Slusarski,	3273 State St	,732-658-3154
